repeat,image,preprocess_ms,inference_ms,postprocess_ms,total_ms
1,/home/pi/Akshay/tests/inference/rpi-inference/sample_data/ILSVRC2012_val_00000057.JPEG,5.704658105969429,412.2714623808861,0.2034250646829605,418.17954555153847
1,/home/pi/Akshay/tests/inference/rpi-inference/sample_data/ILSVRC2012_val_00002922.JPEG,6.513824686408043,407.83607959747314,0.18531642854213715,414.5352207124233
1,/home/pi/Akshay/tests/inference/rpi-inference/sample_data/ILSVRC2012_val_00013402.JPEG,8.283635601401329,407.86402486264706,0.18668361008167267,416.33434407413006
1,/home/pi/Akshay/tests/inference/rpi-inference/sample_data/ILSVRC2012_val_00023559.JPEG,10.14694944024086,406.89306147396564,0.18755346536636353,417.22756437957287
1,/home/pi/Akshay/tests/inference/rpi-inference/sample_data/ILSVRC2012_val_00030136.JPEG,3.0558109283447266,411.85873933136463,0.18539093434810638,415.09994119405746
2,/home/pi/Akshay/tests/inference/rpi-inference/sample_data/ILSVRC2012_val_00000057.JPEG,5.545491352677345,407.07969292998314,0.1824796199798584,412.80766390264034
2,/home/pi/Akshay/tests/inference/rpi-inference/sample_data/ILSVRC2012_val_00002922.JPEG,4.616511985659599,409.2135950922966,0.18368475139141083,414.0137918293476
2,/home/pi/Akshay/tests/inference/rpi-inference/sample_data/ILSVRC2012_val_00013402.JPEG,5.67273236811161,410.6058720499277,0.18318556249141693,416.46178998053074
2,/home/pi/Akshay/tests/inference/rpi-inference/sample_data/ILSVRC2012_val_00023559.JPEG,7.232654839754105,406.9899320602417,0.18361210823059082,414.4061990082264
2,/home/pi/Akshay/tests/inference/rpi-inference/sample_data/ILSVRC2012_val_00030136.JPEG,2.423051744699478,408.78106094896793,0.18229521811008453,411.3864079117775
3,/home/pi/Akshay/tests/inference/rpi-inference/sample_data/ILSVRC2012_val_00000057.JPEG,5.625732243061066,405.7159535586834,0.18160976469516754,411.52329556643963
3,/home/pi/Akshay/tests/inference/rpi-inference/sample_data/ILSVRC2012_val_00002922.JPEG,4.599807783961296,413.69920037686825,0.1824796199798584,418.4814877808094
3,/home/pi/Akshay/tests/inference/rpi-inference/sample_data/ILSVRC2012_val_00013402.JPEG,5.603211000561714,406.7010283470154,0.18140673637390137,412.485646083951
3,/home/pi/Akshay/tests/inference/rpi-inference/sample_data/ILSVRC2012_val_00023559.JPEG,7.122302427887917,409.72493030130863,0.1823529601097107,417.02958568930626
3,/home/pi/Akshay/tests/inference/rpi-inference/sample_data/ILSVRC2012_val_00030136.JPEG,2.424146980047226,408.8412467390299,0.18218345940113068,411.44757717847824
4,/home/pi/Akshay/tests/inference/rpi-inference/sample_data/ILSVRC2012_val_00000057.JPEG,5.491066724061966,410.1119264960289,0.18366798758506775,415.78666120767593
4,/home/pi/Akshay/tests/inference/rpi-inference/sample_data/ILSVRC2012_val_00002922.JPEG,4.660602658987045,407.38485753536224,0.18312968313694,412.22858987748623
4,/home/pi/Akshay/tests/inference/rpi-inference/sample_data/ILSVRC2012_val_00013402.JPEG,5.6262146681547165,407.30317309498787,0.18277578055858612,413.1121635437012
4,/home/pi/Akshay/tests/inference/rpi-inference/sample_data/ILSVRC2012_val_00023559.JPEG,7.130134850740433,421.36020958423615,0.1860000193119049,428.6763444542885
4,/home/pi/Akshay/tests/inference/rpi-inference/sample_data/ILSVRC2012_val_00030136.JPEG,2.4529602378606796,409.3938544392586,0.18633343279361725,412.0331481099129
5,/home/pi/Akshay/tests/inference/rpi-inference/sample_data/ILSVRC2012_val_00000057.JPEG,5.544677376747131,405.83512000739574,0.1845192164182663,411.56431660056114
5,/home/pi/Akshay/tests/inference/rpi-inference/sample_data/ILSVRC2012_val_00002922.JPEG,4.620863124728203,409.876910969615,0.1827031373977661,414.68047723174095
5,/home/pi/Akshay/tests/inference/rpi-inference/sample_data/ILSVRC2012_val_00013402.JPEG,5.613826215267181,493.3154471218586,0.18320418894290924,499.1124775260687
5,/home/pi/Akshay/tests/inference/rpi-inference/sample_data/ILSVRC2012_val_00023559.JPEG,8.595949038863182,407.9975076019764,0.18264725804328918,416.77610389888287
5,/home/pi/Akshay/tests/inference/rpi-inference/sample_data/ILSVRC2012_val_00030136.JPEG,2.3792386054992676,407.0964138954878,0.18073990941047668,409.65639241039753
6,/home/pi/Akshay/tests/inference/rpi-inference/sample_data/ILSVRC2012_val_00000057.JPEG,7.537025958299637,411.69566474854946,0.18335320055484772,419.41604390740395
6,/home/pi/Akshay/tests/inference/rpi-inference/sample_data/ILSVRC2012_val_00002922.JPEG,5.1962509751319885,406.3345640897751,0.18414855003356934,411.71496361494064
6,/home/pi/Akshay/tests/inference/rpi-inference/sample_data/ILSVRC2012_val_00013402.JPEG,6.862472742795944,406.87350556254387,0.18331408500671387,413.9192923903465
6,/home/pi/Akshay/tests/inference/rpi-inference/sample_data/ILSVRC2012_val_00023559.JPEG,7.098525762557983,408.2672446966171,0.18390826880931854,415.5496787279844
6,/home/pi/Akshay/tests/inference/rpi-inference/sample_data/ILSVRC2012_val_00030136.JPEG,2.365516498684883,474.0865137428045,0.1864265650510788,476.6384568065405
7,/home/pi/Akshay/tests/inference/rpi-inference/sample_data/ILSVRC2012_val_00000057.JPEG,9.822152554988861,417.96810179948807,0.18309429287910461,427.97334864735603
7,/home/pi/Akshay/tests/inference/rpi-inference/sample_data/ILSVRC2012_val_00002922.JPEG,5.425415933132172,409.45274382829666,0.18361210823059082,415.0617718696594
7,/home/pi/Akshay/tests/inference/rpi-inference/sample_data/ILSVRC2012_val_00013402.JPEG,7.93917290866375,411.4238917827606,0.18290430307388306,419.54596899449825
7,/home/pi/Akshay/tests/inference/rpi-inference/sample_data/ILSVRC2012_val_00023559.JPEG,9.781744331121445,409.0321883559227,0.21690689027309418,419.03083957731724
7,/home/pi/Akshay/tests/inference/rpi-inference/sample_data/ILSVRC2012_val_00030136.JPEG,2.9653478413820267,407.2813577950001,0.18318556249141693,410.4298911988735
8,/home/pi/Akshay/tests/inference/rpi-inference/sample_data/ILSVRC2012_val_00000057.JPEG,5.565399304032326,408.7200965732336,0.18013082444667816,414.4656267017126
8,/home/pi/Akshay/tests/inference/rpi-inference/sample_data/ILSVRC2012_val_00002922.JPEG,4.663880914449692,409.98898446559906,0.1840926706790924,414.83695805072784
8,/home/pi/Akshay/tests/inference/rpi-inference/sample_data/ILSVRC2012_val_00013402.JPEG,5.666919052600861,408.90444815158844,0.1827031373977661,414.75407034158707
8,/home/pi/Akshay/tests/inference/rpi-inference/sample_data/ILSVRC2012_val_00023559.JPEG,7.139489054679871,409.48826260864735,0.18507428467273712,416.81282594799995
8,/home/pi/Akshay/tests/inference/rpi-inference/sample_data/ILSVRC2012_val_00030136.JPEG,2.3976992815732956,406.3733424991369,0.18231384456157684,408.9533556252718
9,/home/pi/Akshay/tests/inference/rpi-inference/sample_data/ILSVRC2012_val_00000057.JPEG,5.526397377252579,414.68382999300957,0.18359161913394928,420.3938189893961
9,/home/pi/Akshay/tests/inference/rpi-inference/sample_data/ILSVRC2012_val_00002922.JPEG,4.6467166393995285,406.6556002944708,0.1843869686126709,411.486703902483
9,/home/pi/Akshay/tests/inference/rpi-inference/sample_data/ILSVRC2012_val_00013402.JPEG,5.63456304371357,409.7903370857239,0.21514669060707092,415.6400468200445
9,/home/pi/Akshay/tests/inference/rpi-inference/sample_data/ILSVRC2012_val_00023559.JPEG,7.095789536833763,410.36925837397575,0.1838337630033493,417.64888167381287
9,/home/pi/Akshay/tests/inference/rpi-inference/sample_data/ILSVRC2012_val_00030136.JPEG,2.3892726749181747,409.39206071197987,0.18236972391605377,411.9637031108141
10,/home/pi/Akshay/tests/inference/rpi-inference/sample_data/ILSVRC2012_val_00000057.JPEG,5.52806444466114,406.23960085213184,0.18346309661865234,411.95112839341164
10,/home/pi/Akshay/tests/inference/rpi-inference/sample_data/ILSVRC2012_val_00002922.JPEG,4.6281591057777405,406.2697123736143,0.18229708075523376,411.0801685601473
10,/home/pi/Akshay/tests/inference/rpi-inference/sample_data/ILSVRC2012_val_00013402.JPEG,5.639564245939255,412.2353717684746,0.18109194934368134,418.0560279637575
10,/home/pi/Akshay/tests/inference/rpi-inference/sample_data/ILSVRC2012_val_00023559.JPEG,7.113972678780556,406.86526522040367,0.18363073468208313,414.1628686338663
10,/home/pi/Akshay/tests/inference/rpi-inference/sample_data/ILSVRC2012_val_00030136.JPEG,2.3607946932315826,408.8824484497309,0.18231384456157684,411.42555698752403
