repeat,image,preprocess_ms,inference_ms,postprocess_ms,total_ms
1,/mnt/c/Users/Akshay/Desktop/Coursework/Semester 3/MTP/github/inference/sample_data/ILSVRC2012_val_00000057.JPEG,9.138598999925307,112.50825499973871,0.22150099994178163,121.8683549996058
1,/mnt/c/Users/Akshay/Desktop/Coursework/Semester 3/MTP/github/inference/sample_data/ILSVRC2012_val_00002922.JPEG,8.54858700040495,103.8191289999304,0.24213000051531708,112.60984600085067
1,/mnt/c/Users/Akshay/Desktop/Coursework/Semester 3/MTP/github/inference/sample_data/ILSVRC2012_val_00013402.JPEG,11.16682999963814,123.54860100003862,0.28815099994972115,135.00358199962648
1,/mnt/c/Users/Akshay/Desktop/Coursework/Semester 3/MTP/github/inference/sample_data/ILSVRC2012_val_00023559.JPEG,13.10866200037708,124.18285700005072,0.20730399955937173,137.49882299998717
1,/mnt/c/Users/Akshay/Desktop/Coursework/Semester 3/MTP/github/inference/sample_data/ILSVRC2012_val_00030136.JPEG,6.037031000232673,101.22516499995982,0.2064419995804201,107.46863799977291
2,/mnt/c/Users/Akshay/Desktop/Coursework/Semester 3/MTP/github/inference/sample_data/ILSVRC2012_val_00000057.JPEG,8.649514999888197,104.60753799998201,0.2314000003025285,113.48845300017274
2,/mnt/c/Users/Akshay/Desktop/Coursework/Semester 3/MTP/github/inference/sample_data/ILSVRC2012_val_00002922.JPEG,10.489223999684327,124.05809200026852,0.2123240001310478,134.7596400000839
2,/mnt/c/Users/Akshay/Desktop/Coursework/Semester 3/MTP/github/inference/sample_data/ILSVRC2012_val_00013402.JPEG,10.520454000470636,108.56527299984009,0.24965499960671877,119.33538199991744
2,/mnt/c/Users/Akshay/Desktop/Coursework/Semester 3/MTP/github/inference/sample_data/ILSVRC2012_val_00023559.JPEG,12.356686000202899,104.43741200015211,0.3094989997407538,117.10359700009576
2,/mnt/c/Users/Akshay/Desktop/Coursework/Semester 3/MTP/github/inference/sample_data/ILSVRC2012_val_00030136.JPEG,5.917141999816522,110.24293300033605,0.20147299983364064,116.36154799998621
3,/mnt/c/Users/Akshay/Desktop/Coursework/Semester 3/MTP/github/inference/sample_data/ILSVRC2012_val_00000057.JPEG,10.184435000155645,108.0019370001537,0.23188100021798164,118.41825300052733
3,/mnt/c/Users/Akshay/Desktop/Coursework/Semester 3/MTP/github/inference/sample_data/ILSVRC2012_val_00002922.JPEG,8.831622999423416,107.56285500065133,0.2530709998609382,116.64754899993568
3,/mnt/c/Users/Akshay/Desktop/Coursework/Semester 3/MTP/github/inference/sample_data/ILSVRC2012_val_00013402.JPEG,11.69559499976458,111.72372700002597,0.25439399996685097,123.6737159997574
3,/mnt/c/Users/Akshay/Desktop/Coursework/Semester 3/MTP/github/inference/sample_data/ILSVRC2012_val_00023559.JPEG,13.217429000178527,109.81164500026352,0.2275729993925779,123.25664699983463
3,/mnt/c/Users/Akshay/Desktop/Coursework/Semester 3/MTP/github/inference/sample_data/ILSVRC2012_val_00030136.JPEG,6.192455999553204,110.31698399983725,0.2759200006039464,116.7853599999944
4,/mnt/c/Users/Akshay/Desktop/Coursework/Semester 3/MTP/github/inference/sample_data/ILSVRC2012_val_00000057.JPEG,9.699938000267139,124.78484599978401,0.2217109995399369,134.7064949995911
4,/mnt/c/Users/Akshay/Desktop/Coursework/Semester 3/MTP/github/inference/sample_data/ILSVRC2012_val_00002922.JPEG,11.614430999543401,112.69524700037437,0.21418699998321244,124.52386499990098
4,/mnt/c/Users/Akshay/Desktop/Coursework/Semester 3/MTP/github/inference/sample_data/ILSVRC2012_val_00013402.JPEG,9.31856900024286,104.94278299938742,0.2124540005752351,114.47380600020551
4,/mnt/c/Users/Akshay/Desktop/Coursework/Semester 3/MTP/github/inference/sample_data/ILSVRC2012_val_00023559.JPEG,10.661156000423944,102.73577899988595,0.22645100034424104,113.62338600065414
4,/mnt/c/Users/Akshay/Desktop/Coursework/Semester 3/MTP/github/inference/sample_data/ILSVRC2012_val_00030136.JPEG,5.841236000378558,103.82706499967753,0.20624300032068277,109.87454400037677
5,/mnt/c/Users/Akshay/Desktop/Coursework/Semester 3/MTP/github/inference/sample_data/ILSVRC2012_val_00000057.JPEG,10.094535000462201,134.65552799971192,0.2362790000915993,144.98634200026572
5,/mnt/c/Users/Akshay/Desktop/Coursework/Semester 3/MTP/github/inference/sample_data/ILSVRC2012_val_00002922.JPEG,9.588513000380772,103.44378999980108,0.20142300036241068,113.23372600054427
5,/mnt/c/Users/Akshay/Desktop/Coursework/Semester 3/MTP/github/inference/sample_data/ILSVRC2012_val_00013402.JPEG,9.787218000383291,100.38872899986018,0.2649649995873915,110.44091199983086
5,/mnt/c/Users/Akshay/Desktop/Coursework/Semester 3/MTP/github/inference/sample_data/ILSVRC2012_val_00023559.JPEG,11.217617000511382,124.67579700023634,0.2681500000107917,136.16156400075852
5,/mnt/c/Users/Akshay/Desktop/Coursework/Semester 3/MTP/github/inference/sample_data/ILSVRC2012_val_00030136.JPEG,5.826460999742267,107.18051100047887,0.26730799982033204,113.27428000004147
6,/mnt/c/Users/Akshay/Desktop/Coursework/Semester 3/MTP/github/inference/sample_data/ILSVRC2012_val_00000057.JPEG,9.07707000078517,100.43096199933643,0.2616780002426822,109.76971000036428
6,/mnt/c/Users/Akshay/Desktop/Coursework/Semester 3/MTP/github/inference/sample_data/ILSVRC2012_val_00002922.JPEG,8.8937900000019,105.09494899997662,0.2587629996924079,114.24750199967093
6,/mnt/c/Users/Akshay/Desktop/Coursework/Semester 3/MTP/github/inference/sample_data/ILSVRC2012_val_00013402.JPEG,9.570958999574941,104.92139200050588,0.2296759994351305,114.72202699951595
6,/mnt/c/Users/Akshay/Desktop/Coursework/Semester 3/MTP/github/inference/sample_data/ILSVRC2012_val_00023559.JPEG,12.578292000398505,103.8999740003419,0.30094999965513125,116.77921600039554
6,/mnt/c/Users/Akshay/Desktop/Coursework/Semester 3/MTP/github/inference/sample_data/ILSVRC2012_val_00030136.JPEG,6.351076999635552,116.71670800024003,0.2397560001554666,123.30754100003105
7,/mnt/c/Users/Akshay/Desktop/Coursework/Semester 3/MTP/github/inference/sample_data/ILSVRC2012_val_00000057.JPEG,9.826051000345615,104.20741400048428,0.25676799941720674,114.2902330002471
7,/mnt/c/Users/Akshay/Desktop/Coursework/Semester 3/MTP/github/inference/sample_data/ILSVRC2012_val_00002922.JPEG,7.217313000182912,106.23925199979567,0.5650539997077431,114.02161899968632
7,/mnt/c/Users/Akshay/Desktop/Coursework/Semester 3/MTP/github/inference/sample_data/ILSVRC2012_val_00013402.JPEG,10.320017000594817,129.32261199966888,0.2267520003442769,139.86938100060797
7,/mnt/c/Users/Akshay/Desktop/Coursework/Semester 3/MTP/github/inference/sample_data/ILSVRC2012_val_00023559.JPEG,13.011416000153986,100.138930999492,0.2054010001302231,113.35574799977621
7,/mnt/c/Users/Akshay/Desktop/Coursework/Semester 3/MTP/github/inference/sample_data/ILSVRC2012_val_00030136.JPEG,5.111708000185899,106.59157800000685,0.21312599983502878,111.91641200002778
8,/mnt/c/Users/Akshay/Desktop/Coursework/Semester 3/MTP/github/inference/sample_data/ILSVRC2012_val_00000057.JPEG,8.583750000070722,90.39793600004487,0.2519090003261226,99.23359500044171
8,/mnt/c/Users/Akshay/Desktop/Coursework/Semester 3/MTP/github/inference/sample_data/ILSVRC2012_val_00002922.JPEG,7.559524000498641,86.08097299929796,0.22997700034466106,93.87047400014126
8,/mnt/c/Users/Akshay/Desktop/Coursework/Semester 3/MTP/github/inference/sample_data/ILSVRC2012_val_00013402.JPEG,8.31618400025036,211.7691899993588,0.3447420003794832,220.43011599998863
8,/mnt/c/Users/Akshay/Desktop/Coursework/Semester 3/MTP/github/inference/sample_data/ILSVRC2012_val_00023559.JPEG,22.52113200029271,172.41671699957806,0.2611270001580124,195.19897600002878
8,/mnt/c/Users/Akshay/Desktop/Coursework/Semester 3/MTP/github/inference/sample_data/ILSVRC2012_val_00030136.JPEG,4.725013000097533,121.69493700002931,0.25955399996746564,126.67950400009431
9,/mnt/c/Users/Akshay/Desktop/Coursework/Semester 3/MTP/github/inference/sample_data/ILSVRC2012_val_00000057.JPEG,8.013818999643263,96.68958699967334,0.21919700066064252,104.92260299997724
9,/mnt/c/Users/Akshay/Desktop/Coursework/Semester 3/MTP/github/inference/sample_data/ILSVRC2012_val_00002922.JPEG,9.079075000045123,109.74430500027665,0.25753000045369845,119.08091000077548
9,/mnt/c/Users/Akshay/Desktop/Coursework/Semester 3/MTP/github/inference/sample_data/ILSVRC2012_val_00013402.JPEG,13.052330999926198,91.32907599996543,0.24808200032566674,104.62948900021729
9,/mnt/c/Users/Akshay/Desktop/Coursework/Semester 3/MTP/github/inference/sample_data/ILSVRC2012_val_00023559.JPEG,11.134632999528549,95.49634799986961,0.585053000577318,107.21603399997548
9,/mnt/c/Users/Akshay/Desktop/Coursework/Semester 3/MTP/github/inference/sample_data/ILSVRC2012_val_00030136.JPEG,5.2428589997362,89.665757000148,0.21702200047002407,95.12563800035423
10,/mnt/c/Users/Akshay/Desktop/Coursework/Semester 3/MTP/github/inference/sample_data/ILSVRC2012_val_00000057.JPEG,7.771792999847094,80.97684500080504,0.279291999504494,89.02793000015663
10,/mnt/c/Users/Akshay/Desktop/Coursework/Semester 3/MTP/github/inference/sample_data/ILSVRC2012_val_00002922.JPEG,7.275134000337857,90.38542800044524,0.22522799918078817,97.88578999996389
10,/mnt/c/Users/Akshay/Desktop/Coursework/Semester 3/MTP/github/inference/sample_data/ILSVRC2012_val_00013402.JPEG,9.534052999697451,93.63652100000763,0.22592999994230922,103.3965039996474
10,/mnt/c/Users/Akshay/Desktop/Coursework/Semester 3/MTP/github/inference/sample_data/ILSVRC2012_val_00023559.JPEG,10.489784999663243,86.75907999986521,0.21882600049139,97.46769100001984
10,/mnt/c/Users/Akshay/Desktop/Coursework/Semester 3/MTP/github/inference/sample_data/ILSVRC2012_val_00030136.JPEG,4.6697600000698,83.86969999992289,0.20516099993983516,88.74462099993252
